{
    "1": {
        "features": {
            "trump": 1.5374391830083407,
            "know": 1.4995151631583499,
            "time": 1.1241145605391931,
            "make": 1.0785293469526713,
            "read": 1.0333522705079166,
            "need": 0.9691970451695608,
            "right": 0.9680726322742351,
            "america": 0.9219261553604471,
            "real": 0.9144410419541293,
            "plan": 0.8806063508851055,
            "thing": 0.8546045738732367,
            "problem": 0.8543989525434648,
            "want": 0.8476960052093302,
            "cdc": 0.7902922499652792,
            "deal": 0.7383269949008636
        },
        "words": [
            "trump",
            "know",
            "time",
            "make",
            "read",
            "need",
            "right",
            "america",
            "real",
            "plan",
            "thing",
            "problem",
            "want",
            "cdc",
            "deal"
        ],
        "coherence": 0.44465092548302243
    },
    "2": {
        "features": {
            "case": 9.232813879972287,
            "new": 4.684992572877147,
            "report": 2.99319245541226,
            "confirmed": 2.8652510014776307,
            "breaking": 2.640294374249702,
            "death": 2.567162026360563,
            "number": 1.9828219948198156,
            "total": 1.6902103609909371,
            "korea": 1.5899180329456826,
            "ontario": 1.5848206966565304,
            "italy": 1.5420901091728108,
            "update": 1.5276605005540351,
            "south": 1.3151079408359423,
            "reported": 1.2803434593723853,
            "iran": 1.2414630040152308
        },
        "words": [
            "case",
            "new",
            "report",
            "confirmed",
            "breaking",
            "death",
            "number",
            "total",
            "korea",
            "ontario",
            "italy",
            "update",
            "south",
            "reported",
            "iran"
        ],
        "coherence": 0.5068765047050657
    },
    "3": {
        "features": {
            "hoax": 6.443578907591129,
            "trump": 5.147386028861043,
            "democrat": 2.8121800954213056,
            "called": 1.9419000378570566,
            "believe": 1.9084753723783239,
            "rally": 1.571928111070592,
            "medium": 1.1935251689692272,
            "lie": 1.17997063988832,
            "donald": 1.1361307674459815,
            "word": 1.1221500678076242,
            "remember": 1.0946591186690011,
            "calling": 1.0844317533529295,
            "realdonaldtrump": 1.0828220637727533,
            "dems": 1.0688083234218173,
            "new": 1.063855186299486
        },
        "words": [
            "hoax",
            "trump",
            "democrat",
            "called",
            "believe",
            "rally",
            "medium",
            "lie",
            "donald",
            "word",
            "remember",
            "calling",
            "realdonaldtrump",
            "dems",
            "new"
        ],
        "coherence": 0.46549892056555975
    },
    "4": {
        "features": {
            "state": 6.603432381087635,
            "washington": 3.8164103716350994,
            "death": 2.884454729832924,
            "official": 2.306687655521286,
            "died": 2.168502513614707,
            "united": 2.0303676797009005,
            "woman": 2.0097773480237127,
            "person": 1.8514200610641192,
            "man": 1.830457977266389,
            "health": 1.8100326981019057,
            "said": 1.7137206245003769,
            "department": 1.4068749644417065,
            "emergency": 1.372812673460135,
            "50": 1.3425187337489441,
            "say": 1.1878425196145037
        },
        "words": [
            "state",
            "washington",
            "death",
            "official",
            "died",
            "united",
            "woman",
            "person",
            "man",
            "health",
            "said",
            "department",
            "emergency",
            "50",
            "say"
        ],
        "coherence": 0.47778793942360653
    },
    "5": {
        "features": {
            "china": 5.829847607834793,
            "chinese": 2.0195781767967813,
            "wuhan": 0.8129520830713689,
            "hong": 0.7589329502078122,
            "amid": 0.7473035069548606,
            "kong": 0.7223863593871692,
            "communist": 0.6277767754264751,
            "india": 0.6016123679171747,
            "ccp": 0.5639786060507631,
            "street": 0.5593683754948255,
            "beijing": 0.49929792406754375,
            "supply": 0.4853170343371103,
            "image": 0.4666416311528168,
            "russia": 0.46072654524737816,
            "pollution": 0.4190765503361497
        },
        "words": [
            "china",
            "chinese",
            "wuhan",
            "hong",
            "amid",
            "kong",
            "communist",
            "india",
            "ccp",
            "street",
            "beijing",
            "supply",
            "image",
            "russia",
            "pollution"
        ],
        "coherence": 0.4131534816253753
    },
    "6": {
        "features": {
            "people": 4.101682122056618,
            "test": 3.7724038665762194,
            "testing": 2.5164611098778793,
            "tested": 2.292848944998065,
            "patient": 2.228408992572746,
            "sick": 1.9449910373400912,
            "mask": 1.7197274469593808,
            "hospital": 1.552491800050251,
            "care": 1.3977454707713681,
            "healthcare": 1.384800630672558,
            "home": 1.363135227825645,
            "positive": 1.301709219031266,
            "day": 1.0657704325071582,
            "symptom": 1.0079199080542303,
            "quarantine": 0.9855907946105632
        },
        "words": [
            "people",
            "test",
            "testing",
            "tested",
            "patient",
            "sick",
            "mask",
            "hospital",
            "care",
            "healthcare",
            "home",
            "positive",
            "day",
            "symptom",
            "quarantine"
        ],
        "coherence": 0.4724857307615734
    },
    "7": {
        "features": {
            "health": 5.515006716001164,
            "public": 2.3455119069874053,
            "say": 1.6693415907190643,
            "worker": 1.3031737245401274,
            "official": 1.2875875246633697,
            "minister": 1.107780020871124,
            "concern": 1.0795772557161356,
            "medical": 0.9725434286800323,
            "outbreak": 0.8634466789542289,
            "federal": 0.7897668901014044,
            "world": 0.7876235916470121,
            "agency": 0.7535064229202273,
            "risk": 0.749328369939649,
            "whistleblower": 0.735637636185266,
            "organization": 0.7336175755954412
        },
        "words": [
            "health",
            "public",
            "say",
            "worker",
            "official",
            "minister",
            "concern",
            "medical",
            "outbreak",
            "federal",
            "world",
            "agency",
            "risk",
            "whistleblower",
            "organization"
        ],
        "coherence": 0.4286495464188712
    },
    "8": {
        "features": {
            "iran": 3.367398767567597,
            "japan": 2.0677714950517814,
            "ship": 1.6120301269743595,
            "cruise": 1.535416666744488,
            "passenger": 1.3085197424473813,
            "school": 1.267619122813856,
            "infected": 1.2547626784720043,
            "diamond": 1.151158363684551,
            "member": 1.1015622101691078,
            "iranian": 1.0905413273157814,
            "princess": 1.0708461797983841,