{"china,129": 0.034128820028916824, "cruise,19409": 0.01949417504239296, "ship,3085": 0.019199306007049527, "chinese,192": 0.014296243026072838, "mask,221": 0.01327613485898497, "house,1219": 0.01201217784389356, "wuhan,61": 0.011809494764049133, "passenger,35": 0.008911593600499368, "penny,3870": 0.008224659729825962, "press,827": 0.007885063755549449}
{"china,129": 0.02649403948987253, "cruise,19409": 0.01695058206435561, "ship,3085": 0.01653894445781443, "mask,221": 0.01610302199730664, "house,1219": 0.013073889848688668, "chinese,192": 0.010819278322921814, "wuhan,61": 0.0094399128729128, "penny,3870": 0.009134307856313268, "press,827": 0.008684788322405514, "face,505": 0.008361427318059743}
{"mask,221": 0.02362456134911312, "china,129": 0.015649091443145646, "house,1219": 0.015122971143853007, "ship,3085": 0.010534634762406056, "face,505": 0.010478579958818826, "white,1474": 0.010087361637507744, "cruise,19409": 0.009755967656633684, "penny,3870": 0.009681469563166968, "press,827": 0.00958156266979153, "force,1413": 0.007515832123818307}
{"mask,221": 0.03761286610692753, "house,1219": 0.016883697287294143, "face,505": 0.01315322289660601, "white,1474": 0.01212358935561264, "wear,504": 0.010396345822483196, "force,1413": 0.008749005968042537, "press,827": 0.00870288526600602, "china,129": 0.007882728545885377, "wearing,865": 0.007781768054307695, "penny,3870": 0.007701115474424501}
{"mask,221": 0.05950942629637944, "wear,504": 0.01961420137337012, "house,1219": 0.01762345052509968, "face,505": 0.015596132307715017, "white,1474": 0.01367250049678308, "wearing,865": 0.012104746665448885, "force,1413": 0.008876203375060744, "who,19": 0.007587266034233511, "police,1970": 0.006742429385185524, "press,827": 0.006552288871646584}
{"mask,221": 0.0861943979074703, "wear,504": 0.03388311853230575, "house,1219": 0.01718852427452917, "face,505": 0.016797165673503024, "wearing,865": 0.016173269138961235, "white,1474": 0.014138448642128515, "who,19": 0.0081996036825797, "force,1413": 0.007997849435849698, "police,1970": 0.006151904831636074, "hand,1467": 0.005616463632391856}
{"mask,221": 0.10467409823259027, "wear,504": 0.047570309650285234, "wearing,865": 0.016876131535948094, "house,1219": 0.01686147134182745, "face,505": 0.015916845529663257, "white,1474": 0.014378552047140235, "who,19": 0.00881577751735619, "force,1413": 0.0069986940313828865, "mandatory,6590": 0.00685551436266406, "hand,1467": 0.005585359840888808}
{"mask,221": 0.09906800851996003, "wear,504": 0.045362357607254364, "house,1219": 0.018157117322939724, "white,1474": 0.015705275693305168, "wearing,865": 0.015110839451736434, "face,505": 0.013367588465360132, "who,19": 0.009447857878624616, "force,1413": 0.007137752219885228, "joe,7354": 0.006997903987283869, "mandatory,6590": 0.006077393149228763}
{"mask,221": 0.08016600870210369, "wear,504": 0.03626311630913352, "house,1219": 0.02025269380043865, "white,1474": 0.01765664138816569, "wearing,865": 0.012332065000703125, "positive,4767": 0.010526877844764415, "face,505": 0.009894950090483925, "who,19": 0.009749369034055478, "joe,7354": 0.009601271952795894, "tested,1790": 0.008922651084692474}
{"mask,221": 0.061924549364417394, "wear,504": 0.02830642965820234, "house,1219": 0.02139256603981502, "positive,4767": 0.020888715444725422, "white,1474": 0.018954956713628613, "tested,1790": 0.017673784166091583, "trump,75": 0.012476490309905943, "biden,16808": 0.011517516604409757, "joe,7354": 0.010207085130234743, "wearing,865": 0.009616188369727757}
{"mask,221": 0.05784978933890829, "wear,504": 0.027175977179626776, "positive,4767": 0.02249934657558092, "house,1219": 0.019039518656048065, "tested,1790": 0.017058825179840916, "white,1474": 0.015393694424228225, "biden,16808": 0.014431317392318028, "trump,75": 0.010731638064589157, "who,19": 0.010292509550799694, "joe,7354": 0.009074696926957584}
{"mask,221": 0.05397178315034886, "wear,504": 0.026126343486385692, "positive,4767": 0.01737476107571396, "house,1219": 0.015532009417368476, "biden,16808": 0.015461945640491328, "tested,1790": 0.01242374022771624, "white,1474": 0.011482149869873675, "who,19": 0.011453035900984182, "president,74": 0.009411058992819162, "wearing,865": 0.008037348364685717}
{"mask,221": 0.051259921122279346, "wear,504": 0.024286403709574026, "biden,16808": 0.019060854237330706, "house,1219": 0.012035523870024083, "who,19": 0.011919392298154597, "positive,4767": 0.011821868246046975, "president,74": 0.011098269487554538, "white,1474": 0.008516756146426096, "tested,1790": 0.00829721942203236, "wearing,865": 0.007603881376222913}
{"mask,221": 0.05324405924816794, "wear,504": 0.023585550951196292, "biden,16808": 0.022549626085349203, "president,74": 0.013567818244434987, "who,19": 0.011293893768798562, "house,1219": 0.009757575118320842, "positive,4767": 0.008080875091568221, "wearing,865": 0.007800155249684534, "white,1474": 0.007056706332523952, "joe,7354": 0.006219904649708636}
{"mask,221": 0.05477309075870908, "biden,16808": 0.02461963031419448, "wear,504": 0.022983994001849146, "president,74": 0.015340426028945298, "who,19": 0.010375755763296333, "texas,4376": 0.009795828846698322, "house,1219": 0.008504072424658837, "wearing,865": 0.007850664469030802, "cdc,18": 0.0075646936211251495, "mandate,4696": 0.00659509140552696}
