{"market,563": 0.011689978600374318, "worker,1191": 0.00897733771686789, "cut,43": 0.008371633220462216, "help,552": 0.007344604942850484, "health,48": 0.0067614282828869915, "pandemic,1174": 0.006716523372327551, "stock,2238": 0.00666110367487831, "global,566": 0.006279564355564055, "care,619": 0.00501612492060518, "supply,613": 0.00495033016797611}
{"worker,1191": 0.009357429364346272, "market,563": 0.00904530272985243, "pandemic,1174": 0.007696837842250157, "cut,43": 0.007548106955534889, "help,552": 0.007191440096429941, "health,48": 0.006875848828717102, "global,566": 0.0059050284770722945, "stock,2238": 0.0058360909866371925, "care,619": 0.0053240155504895425, "support,2134": 0.004955762055121897}
{"worker,1191": 0.009932148188372831, "pandemic,1174": 0.009875308939004028, "health,48": 0.00696464117638049, "help,552": 0.006844946891700312, "cut,43": 0.0059188742934133684, "care,619": 0.005855633211308857, "support,2134": 0.005557814666636845, "market,563": 0.005547686969309417, "global,566": 0.0051775386573761194, "business,159": 0.005122179569850576}
{"pandemic,1174": 0.013290501538156523, "worker,1191": 0.01022216203626872, "health,48": 0.006724119923572988, "care,619": 0.006220197567084743, "help,552": 0.00621314691238002, "support,2134": 0.006199641480143239, "business,159": 0.005561706294493802, "crisis,494": 0.0052801485050741935, "need,677": 0.004589790505473199, "global,566": 0.004510042482337093}
{"pandemic,1174": 0.0172030503230199, "worker,1191": 0.009750370554584985, "support,2134": 0.00650336286199181, "health,48": 0.006286774285935921, "care,619": 0.006113014697052747, "business,159": 0.005680506149559349, "help,552": 0.00543155810633976, "crisis,494": 0.0050773467289657965, "million,941": 0.004591245654967511, "need,677": 0.004394090657572828}
{"pandemic,1174": 0.020532120535659962, "worker,1191": 0.008664819125278547, "support,2134": 0.0064076403258438, "health,48": 0.005770331413994518, "care,619": 0.005616539798696486, "business,159": 0.00540563255637252, "million,941": 0.004908538208832877, "help,552": 0.004784293538639905, "crisis,494": 0.00460199567308682, "money,2109": 0.00433984447029698}
{"pandemic,1174": 0.02244418862112449, "worker,1191": 0.0073015408589307985, "support,2134": 0.006107208490024996, "million,941": 0.005345964666648746, "health,48": 0.0052916241686087094, "care,619": 0.005046335694104249, "business,159": 0.004747229848130516, "money,2109": 0.004677644296377, "help,552": 0.004407581761859969, "billion,44": 0.004377170757810565}
{"pandemic,1174": 0.02333283302460565, "worker,1191": 0.006496514659602068, "support,2134": 0.005809510020450873, "million,941": 0.005539600414490569, "health,48": 0.005335039858885344, "money,2109": 0.0049435421075560175, "care,619": 0.0048235116622237124, "business,159": 0.004305216668230408, "billion,44": 0.004245849739885671, "help,552": 0.004225609590585239}
{"pandemic,1174": 0.02330174043446389, "worker,1191": 0.0065180522339895255, "health,48": 0.005986841908136779, "support,2134": 0.005754068419433142, "million,941": 0.00542082903343155, "care,619": 0.005331865902290811, "money,2109": 0.005125343484835942, "business,159": 0.004477615601895308, "relief,4551": 0.0044162446594483585, "need,677": 0.004196022176344314}
{"pandemic,1174": 0.02266606130647454, "worker,1191": 0.007435474039746514, "health,48": 0.0067516474921352, "care,619": 0.006115044057151658, "support,2134": 0.00585670804964185, "relief,4551": 0.005629054764868529, "business,159": 0.0051946126202346635, "million,941": 0.005095542579352499, "money,2109": 0.0050256493607686165, "senate,4761": 0.0046883337734444875}
{"pandemic,1174": 0.022224145161380545, "worker,1191": 0.009420977378449866, "health,48": 0.007154083123674483, "relief,4551": 0.006948586265754205, "care,619": 0.006586720454867266, "support,2134": 0.006351002435520835, "business,159": 0.00593025712843306, "healthcare,1190": 0.005616407947522821, "money,2109": 0.005033020689242038, "need,677": 0.004882692397223495}
{"pandemic,1174": 0.02171299151587304, "worker,1191": 0.011291476589307212, "relief,4551": 0.009191601599411677, "health,48": 0.007248263570016352, "support,2134": 0.006698449950058235, "care,619": 0.0066520786933423025, "healthcare,1190": 0.005745098431181035, "business,159": 0.005544055171295507, "bill,4450": 0.005315835585057556, "need,677": 0.00517560503499651}
{"pandemic,1174": 0.0217473998286374, "worker,1191": 0.01191523282075617, "relief,4551": 0.009421609933381177, "health,48": 0.007355509183819128, "support,2134": 0.007210964574834609, "care,619": 0.006255955928521658, "bill,4450": 0.005768791586167756, "need,677": 0.005171308378493281, "healthcare,1190": 0.005113866340587399, "business,159": 0.004940238768880165}
{"pandemic,1174": 0.021514351464381475, "relief,4551": 0.01148384697064586, "worker,1191": 0.010905409822275955, "support,2134": 0.007407681172908513, "bill,4450": 0.007256293565976338, "health,48": 0.006725478761999632, "care,619": 0.005164210224754484, "help,552": 0.004821212986928287, "need,677": 0.004808268496570322, "republican,4680": 0.004502218769300594}
{"pandemic,1174": 0.021244276745693885, "relief,4551": 0.01326807318622238, "worker,1191": 0.01000092096188856, "bill,4450": 0.009072499943109234, "support,2134": 0.007287840193741982, "republican,4680": 0.006442612164277876, "health,48": 0.006172257734541736, "voted,24198": 0.005476638504806271, "american,133": 0.0049483327722291085, "help,552": 0.004856724856629628}
