{"travel,206": 0.018010605424192607, "chinese,192": 0.011510588407648974, "spread,248": 0.011182225427584491, "city,254": 0.010138783424796243, "outbreak,149": 0.009598999373783113, "due,172": 0.008943057662848121, "social,1373": 0.008318593814827635, "new,180": 0.008284983180493683, "toronto,46": 0.0073904464732000635, "amid,401": 0.007314615137173935}
{"travel,206": 0.014308253701283908, "spread,248": 0.010075343863169479, "city,254": 0.009717243569465767, "social,1373": 0.009349614397431361, "outbreak,149": 0.008754658166651151, "due,172": 0.00854245022133895, "new,180": 0.008227783198094986, "chinese,192": 0.00719037523472597, "home,1745": 0.007112169804103253, "toronto,46": 0.00684132381511657}
{"social,1373": 0.01146296864264215, "travel,206": 0.009487088589681827, "city,254": 0.00908772420043878, "distancing,26693": 0.008141737374277978, "spread,248": 0.008115130916431589, "new,180": 0.007949255595239216, "home,1745": 0.007808157698462338, "due,172": 0.007501846157833481, "outbreak,149": 0.00743412434758124, "toronto,46": 0.006164824874270968}
{"social,1373": 0.01386823907543933, "distancing,26693": 0.010561081643540195, "city,254": 0.00851885553262462, "home,1745": 0.008249788135207839, "new,180": 0.007415938553804545, "order,748": 0.006354315281577572, "outbreak,149": 0.006168508988466599, "due,172": 0.006012834854666067, "spread,248": 0.005960028238920445, "travel,206": 0.005827659963464801}
{"social,1373": 0.015074704542038329, "distancing,26693": 0.012493870526388066, "city,254": 0.008034466556528164, "home,1745": 0.007891682042117739, "school,1731": 0.007192840262254565, "new,180": 0.006842665501216266, "order,748": 0.005617889588240861, "lockdown,1669": 0.0055172235904420355, "outbreak,149": 0.005351749649043261, "toronto,46": 0.0052281783837251}
{"social,1373": 0.014675644350146915, "distancing,26693": 0.013149095898154193, "school,1731": 0.010731225473713777, "city,254": 0.00761470417773741, "home,1745": 0.0067834093444057745, "new,180": 0.00648241078032457, "reopening,17520": 0.005786897146565776, "protest,4017": 0.005379478709673607, "toronto,46": 0.0051639743294721475, "outbreak,149": 0.005024150418594816}
{"school,1731": 0.018427172728772482, "social,1373": 0.012926692951878404, "distancing,26693": 0.012211344938631135, "city,254": 0.00720272149316375, "new,180": 0.006571328004870202, "home,1745": 0.0056268844558152115, "toronto,46": 0.0054803645165605215, "student,1033": 0.005289902598806116, "reopening,17520": 0.005271286037757368, "outbreak,149": 0.005192961916648772}
{"school,1731": 0.02552460117603328, "social,1373": 0.010952970607529288, "distancing,26693": 0.010411309147497839, "student,1033": 0.00790888698824906, "new,180": 0.006941204092185769, "city,254": 0.006695661076684222, "toronto,46": 0.006219681479186615, "outbreak,149": 0.005642928475195914, "class,3437": 0.004805329578295814, "lockdown,1669": 0.004698600839914782}
{"school,1731": 0.023079402954135124, "social,1373": 0.00894319687003676, "distancing,26693": 0.008303117054915257, "student,1033": 0.008002497775907506, "new,180": 0.007505349014122534, "toronto,46": 0.00746055461512459, "lockdown,1669": 0.006493878921424849, "city,254": 0.006265629870565354, "outbreak,149": 0.006030513490571001, "restriction,1143": 0.0055540433268687}
{"school,1731": 0.016045438692680204, "lockdown,1669": 0.010532905777783551, "toronto,46": 0.008526040134119277, "new,180": 0.008289109761476135, "restriction,1143": 0.007703120728132182, "social,1373": 0.006624781995322034, "distancing,26693": 0.006338426992449207, "outbreak,149": 0.006084773938908274, "city,254": 0.0058032591178612345, "student,1033": 0.005494122924274791}
{"lockdown,1669": 0.017060643547318035, "school,1731": 0.012058699020258284, "restriction,1143": 0.009317604992397043, "toronto,46": 0.008969948953929673, "new,180": 0.008738678419778987, "health,48": 0.006453908534039913, "spread,248": 0.005747232007721254, "outbreak,149": 0.00571458932809876, "public,47": 0.00559678973140564, "business,159": 0.005577401091562767}
{"lockdown,1669": 0.021284261463726643, "school,1731": 0.011240392363466028, "toronto,46": 0.008998389534521598, "restriction,1143": 0.008994331734139244, "new,180": 0.008901835895894883, "health,48": 0.00733850989973237, "ontario,1002": 0.006470101631048215, "public,47": 0.0061201202392188615, "order,748": 0.0060244976191382625, "outbreak,149": 0.005802196683375488}
{"lockdown,1669": 0.019308124628440716, "school,1731": 0.012471467659625403, "toronto,46": 0.009299354378554303, "new,180": 0.008706598406136239, "restriction,1143": 0.008423777795464982, "health,48": 0.008255011792272273, "ontario,1002": 0.007725846717882524, "order,748": 0.007632677085763441, "public,47": 0.006777914900606062, "outbreak,149": 0.006235477848284122}
{"lockdown,1669": 0.015460038912326736, "school,1731": 0.014396985040989598, "toronto,46": 0.010219469670967584, "health,48": 0.00921580595735542, "restriction,1143": 0.008449651317721473, "new,180": 0.007896508585945743, "public,47": 0.007601090197038643, "ontario,1002": 0.007166514413364841, "order,748": 0.006941421087319369, "outbreak,149": 0.006728789789596552}
{"school,1731": 0.015270014382689243, "lockdown,1669": 0.01370511960252783, "toronto,46": 0.011153014972896698, "health,48": 0.009725446694313591, "restriction,1143": 0.009103371526793292, "public,47": 0.008219285760658073, "new,180": 0.007190915264988741, "outbreak,149": 0.007014246186227219, "ontario,1002": 0.00633380983853301, "order,748": 0.005741155643955931}
