{"health,48": 0.027593510726642193, "outbreak,149": 0.014754950967817437, "public,47": 0.013006079514731424, "who,19": 0.012982457019978189, "say,195": 0.010002071251472091, "dr,606": 0.009773386153163272, "official,90": 0.008924927726624579, "2019ncov,150": 0.008730796271750068, "doctor,1149": 0.008396161399943676, "cdc,18": 0.00811261990454437}
{"health,48": 0.026096617681445135, "public,47": 0.012218211680132774, "who,19": 0.012118499448814163, "outbreak,149": 0.011427305492322064, "dr,606": 0.010650806571843502, "say,195": 0.010156231414640287, "doctor,1149": 0.008896842992400606, "official,90": 0.00838643355010925, "cdc,18": 0.008262933204955641, "expert,637": 0.008055433721728287}
{"health,48": 0.023749578796336608, "dr,606": 0.012153714723356888, "public,47": 0.01098363864503733, "who,19": 0.010576896960364027, "say,195": 0.01027621094638358, "doctor,1149": 0.009160174431711583, "expert,637": 0.007782998742270345, "cdc,18": 0.007745495778589529, "medical,1032": 0.007731833488878151, "vaccine,486": 0.007674443450264818}
{"health,48": 0.021083078914204748, "dr,606": 0.013736269604734928, "say,195": 0.010297864602424362, "public,47": 0.00955827015766499, "who,19": 0.008961793836392017, "doctor,1149": 0.008914246510555612, "vaccine,486": 0.008754609171442159, "medical,1032": 0.007490137466693491, "expert,637": 0.007194791926296667, "cdc,18": 0.006872243741036123}
{"health,48": 0.018766065258512547, "dr,606": 0.014737606168736504, "say,195": 0.01022580413086767, "vaccine,486": 0.009986271323323078, "public,47": 0.008489117039007106, "doctor,1149": 0.008226587863453975, "who,19": 0.007345597024421798, "fauci,6395": 0.007079664460986771, "expert,637": 0.006979373004017328, "medical,1032": 0.006897181937939825}
{"health,48": 0.017062285407868836, "dr,606": 0.015156799482325645, "vaccine,486": 0.011321473839702813, "say,195": 0.010092062745929628, "fauci,6395": 0.008586643617170195, "public,47": 0.007903266875863171, "doctor,1149": 0.007570164752304305, "cdc,18": 0.0073890760339546235, "expert,637": 0.007027998424837873, "data,720": 0.006591263752346384}
{"health,48": 0.015962986761073696, "dr,606": 0.015304800140558308, "vaccine,486": 0.01312482674159961, "say,195": 0.009977095536792158, "cdc,18": 0.009571667464895182, "fauci,6395": 0.009321189438973742, "public,47": 0.0077683074072786235, "doctor,1149": 0.007247307420554157, "expert,637": 0.006646370681949366, "data,720": 0.006620382210475073}
{"health,48": 0.015529988607029447, "vaccine,486": 0.015338063296399071, "dr,606": 0.015241343827854218, "cdc,18": 0.01100860012832647, "say,195": 0.010146344080913442, "fauci,6395": 0.008387123454640297, "public,47": 0.008060059052204542, "doctor,1149": 0.0067893690895213694, "medical,1032": 0.006329225706575393, "new,180": 0.006296697239775577}
{"vaccine,486": 0.01761324263816996, "dr,606": 0.015577301803973384, "health,48": 0.015455363588723618, "cdc,18": 0.010728026442474727, "say,195": 0.01051090073045038, "public,47": 0.008461319018629659, "fauci,6395": 0.007092242116591655, "medical,1032": 0.006812127305777137, "doctor,1149": 0.006449806671150579, "expert,637": 0.00622932261560236}
{"vaccine,486": 0.022164988514885978, "dr,606": 0.01590806904374763, "health,48": 0.015413440036799392, "say,195": 0.01073217680673829, "public,47": 0.008295968965234374, "medical,1032": 0.00768707243816287, "cdc,18": 0.006974222486874528, "expert,637": 0.006660760991743871, "doctor,1149": 0.006276342556491543, "new,180": 0.006002767201421196}
{"vaccine,486": 0.036957003647501346, "dr,606": 0.0151170929096202, "health,48": 0.014893126206766437, "say,195": 0.010410803562348567, "medical,1032": 0.007460132190227203, "public,47": 0.007215401247210135, "canada,510": 0.0064872885357745505, "expert,637": 0.006344442162758293, "new,180": 0.005688266175566287, "doctor,1149": 0.005465002111463414}
{"vaccine,486": 0.05861910903893956, "health,48": 0.013438508313985027, "dr,606": 0.012988981582891568, "canada,510": 0.01026224328360224, "first,58": 0.010194790917517526, "say,195": 0.009459255800270622, "vaccination,1929": 0.0062661067865553855, "dos,14947": 0.006249090136109344, "medical,1032": 0.006211049808351581, "pfizer,110015": 0.0060430889736662755}
{"vaccine,486": 0.06521812107204808, "health,48": 0.012204671059496333, "dr,606": 0.011744671763862763, "canada,510": 0.010610818999430978, "vaccination,1929": 0.010528511712400705, "dos,14947": 0.009494804201600437, "say,195": 0.00889734010743198, "first,58": 0.007665747671869346, "pfizer,110015": 0.005992889235128732, "medical,1032": 0.005391861218103118}
{"vaccine,486": 0.0647015620009861, "vaccination,1929": 0.011808264700463535, "health,48": 0.011242215548435344, "dr,606": 0.011059277580975099, "canada,510": 0.010624747579031148, "dos,14947": 0.009938404284449238, "say,195": 0.008440621727090742, "first,58": 0.005539413262683661, "medical,1032": 0.004856458643197547, "get,111": 0.004768378056336949}
{"vaccine,486": 0.06343636545353383, "vaccination,1929": 0.012625869447278518, "health,48": 0.010350566573258104, "dr,606": 0.010252735758771272, "dos,14947": 0.009634415713883916, "canada,510": 0.009550875604683472, "say,195": 0.007956973137148804, "astrazeneca,73168": 0.005446558406949428, "get,111": 0.005373228450350736, "first,58": 0.0049194562339310854}
