{"people,146": 0.013133841571328398, "get,111": 0.009544508739322345, "know,378": 0.008371932945760477, "one,38": 0.007888865214433355, "going,508": 0.006170181314872151, "who,19": 0.00614482720080411, "time,471": 0.005757886970202562, "it\u2019s,457": 0.005604104332170682, "go,31": 0.005332748327347895, "think,487": 0.005242018025832288}
{"people,146": 0.013140521332373369, "get,111": 0.009600894488911169, "know,378": 0.008219157127881328, "one,38": 0.007951956488374339, "who,19": 0.00633624753671466, "going,508": 0.00621839271826217, "time,471": 0.0058627507303629835, "it\u2019s,457": 0.0056588352291041585, "go,31": 0.005426534669160942, "think,487": 0.0053027720785510215}
{"people,146": 0.013073237098881545, "get,111": 0.009610399187556214, "one,38": 0.008003595599434718, "know,378": 0.007922439876480105, "who,19": 0.006690898274080427, "going,508": 0.006254902156025721, "time,471": 0.005999651111717332, "home,1745": 0.005876042457878609, "it\u2019s,457": 0.005732711523401764, "u,409": 0.0055964785114418925}
{"people,146": 0.0128159256584614, "get,111": 0.009598540635175214, "one,38": 0.008013881072995322, "know,378": 0.007603959923780313, "who,19": 0.007054877708656583, "going,508": 0.006300210788295138, "home,1745": 0.0062479570632401615, "time,471": 0.006035179135553651, "u,409": 0.005911722108479125, "stay,1122": 0.005854176512891454}
{"people,146": 0.012611878774368736, "get,111": 0.009661514853411414, "one,38": 0.007940077366941863, "know,378": 0.007362965568796077, "pandemic,1174": 0.0073541029465703876, "who,19": 0.007272121402283928, "going,508": 0.006415732756803692, "u,409": 0.006114646124802124, "go,31": 0.0060907641030430665, "home,1745": 0.006016521475446473}
{"people,146": 0.012361502978820198, "get,111": 0.009836888973780893, "pandemic,1174": 0.008901933703155129, "one,38": 0.007840514013675639, "who,19": 0.007374302705428152, "know,378": 0.007250482161788397, "going,508": 0.006528887477646066, "go,31": 0.006339549350757538, "u,409": 0.00618726247526143, "it\u2019s,457": 0.00595197445764929}
{"people,146": 0.012003913937813068, "get,111": 0.010157089488048724, "pandemic,1174": 0.009684962333330356, "one,38": 0.007766621066344495, "who,19": 0.007467219801033064, "know,378": 0.007278230293938668, "going,508": 0.006455253388430488, "go,31": 0.006327731558550449, "u,409": 0.00608508925566819, "need,677": 0.005945504871676288}
{"people,146": 0.011769482449920052, "get,111": 0.010276063406046755, "pandemic,1174": 0.009851845197474066, "one,38": 0.0077582418571836625, "who,19": 0.007494205928090109, "know,378": 0.007419579871462897, "going,508": 0.006392235781438321, "go,31": 0.006320155452848114, "need,677": 0.006229710741285632, "u,409": 0.006055810870509777}
{"people,146": 0.011845743687509968, "get,111": 0.010355159702428519, "pandemic,1174": 0.009153759800637465, "one,38": 0.007750402255137207, "know,378": 0.007638750645467165, "who,19": 0.007480997625557198, "need,677": 0.006436562124760131, "going,508": 0.00641069175656557, "go,31": 0.0061323137130544466, "u,409": 0.006117707922241108}
{"people,146": 0.011902668438303277, "get,111": 0.010249467869249808, "pandemic,1174": 0.008358375387252745, "know,378": 0.00771014653270916, "one,38": 0.007678157876863365, "who,19": 0.007391873626658982, "going,508": 0.006460322734452395, "need,677": 0.006456073051817523, "u,409": 0.0060782121753155385, "go,31": 0.005897169768714331}
{"people,146": 0.0118652808580645, "get,111": 0.009857876080440699, "pandemic,1174": 0.008139842492851442, "know,378": 0.007614983238113929, "one,38": 0.007562876285762111, "who,19": 0.0070354794407143486, "home,1745": 0.007001280832542489, "need,677": 0.006535277867525717, "going,508": 0.006374589501941259, "u,409": 0.006066437257456667}
{"people,146": 0.011088233313187241, "get,111": 0.00951983801921622, "pandemic,1174": 0.008951885545451366, "home,1745": 0.008327196772369507, "one,38": 0.007481906624662985, "know,378": 0.007347782108299011, "stay,1122": 0.006900281872432439, "who,19": 0.006704447747104443, "lockdown,1669": 0.006372873332450193, "need,677": 0.006236620480670864}
{"pandemic,1174": 0.010721626111814472, "people,146": 0.010046577941496224, "get,111": 0.009386277654198274, "home,1745": 0.008829005385348735, "one,38": 0.0074609009932210205, "stay,1122": 0.00734630174765391, "know,378": 0.0071222521298305325, "lockdown,1669": 0.006793751709848882, "who,19": 0.006442406305212206, "time,471": 0.006163957388593534}
{"pandemic,1174": 0.012832846460855028, "get,111": 0.009444253355233303, "people,146": 0.009148687534141676, "one,38": 0.007478950029210074, "home,1745": 0.007422726480515125, "know,378": 0.006926418307128032, "lockdown,1669": 0.006638159299903235, "stay,1122": 0.006620432664758495, "time,471": 0.006305832286232583, "who,19": 0.006082900381224171}
{"pandemic,1174": 0.014181420374773015, "get,111": 0.009576062753948126, "people,146": 0.008671900372486472, "one,38": 0.0074595406607410285, "know,378": 0.0067946272374771535, "lockdown,1669": 0.0064502003282764005, "time,471": 0.006370120377633412, "home,1745": 0.006134817298355786, "who,19": 0.005859638938347559, "going,508": 0.005840292775692333}
