{"trump,75": 0.04676910197135576, "china,129": 0.013711373973666174, "president,74": 0.010611290485633113, "virus,9": 0.009088659094108359, "people,146": 0.007780048488019977, "american,133": 0.007760114981723327, "hoax,5694": 0.007545622746531164, "who,19": 0.006657009034261013, "administration,6255": 0.00628226401482585, "say,195": 0.005528899698748339}
{"trump,75": 0.04846598352117383, "china,129": 0.012156264858118415, "president,74": 0.011196464521016256, "virus,9": 0.008893180809202423, "american,133": 0.008113482074836857, "people,146": 0.007656225247446637, "who,19": 0.006949493638504186, "hoax,5694": 0.006789761148283275, "administration,6255": 0.006084212723629884, "say,195": 0.0054437034329003755}
{"trump,75": 0.049624466975308916, "president,74": 0.011911248205022037, "china,129": 0.009731861938506782, "american,133": 0.008706823264922663, "virus,9": 0.00853952276892822, "people,146": 0.007485438456894304, "who,19": 0.007399005498186976, "pandemic,1174": 0.005740003185577223, "administration,6255": 0.005486558380426023, "say,195": 0.005251734984721425}
{"trump,75": 0.048836139276631205, "president,74": 0.01218027160901408, "american,133": 0.009291509527504942, "virus,9": 0.008175423392381337, "china,129": 0.007851479185643441, "who,19": 0.007702563101049609, "pandemic,1174": 0.007482361131736529, "people,146": 0.007320321378932161, "say,195": 0.004975202371550015, "administration,6255": 0.004536108484052497}
{"trump,75": 0.047150158401414934, "president,74": 0.01199971134872541, "american,133": 0.009826949801325896, "pandemic,1174": 0.009189045750192608, "virus,9": 0.008056980135787185, "who,19": 0.007535636490407701, "people,146": 0.007197337266919457, "china,129": 0.006317930160727684, "rally,17824": 0.005748164508731888, "say,195": 0.004688719182886609}
{"trump,75": 0.04579947864011314, "president,74": 0.011889316097600158, "pandemic,1174": 0.010216476428070904, "american,133": 0.010189051740678516, "virus,9": 0.008287741201768527, "who,19": 0.007153037335685438, "people,146": 0.007114419044273459, "rally,17824": 0.006811519215045986, "china,129": 0.00542291594053035, "america,621": 0.004969897168169371}
{"trump,75": 0.04520495798857985, "president,74": 0.012214207797619898, "pandemic,1174": 0.010474869328747461, "american,133": 0.010270694198057997, "virus,9": 0.008920061174792205, "people,146": 0.007067728799532772, "who,19": 0.006920374736070654, "china,129": 0.00532143875769562, "donald,3026": 0.005304636898765292, "america,621": 0.005154561319853773}
{"trump,75": 0.046679500221197684, "president,74": 0.012724332403553572, "pandemic,1174": 0.010197487351921622, "american,133": 0.010151395402630447, "virus,9": 0.008964801917492693, "people,146": 0.007360491726584778, "who,19": 0.006885056282054382, "donald,3026": 0.005876958015362981, "china,129": 0.005233037217494205, "america,621": 0.005025395522794771}
{"trump,75": 0.04925230521404048, "president,74": 0.013171238744014949, "american,133": 0.009557132591502437, "pandemic,1174": 0.009398250355096567, "virus,9": 0.008618912567767903, "people,146": 0.007939229015245396, "who,19": 0.007268106872174425, "donald,3026": 0.0061705722342788516, "china,129": 0.004870512405300575, "america,621": 0.004506458463821431}
{"trump,75": 0.04689003539564309, "president,74": 0.011652973569358752, "people,146": 0.008963614650774531, "pandemic,1174": 0.008779081201368112, "american,133": 0.008581164952406014, "virus,9": 0.008352293208624295, "who,19": 0.008283259139067896, "donald,3026": 0.0058447748342381695, "vote,2002": 0.005112986848120912, "china,129": 0.004434239401190292}
{"trump,75": 0.032746409383252816, "people,146": 0.010875408951077449, "who,19": 0.00983945123141514, "pandemic,1174": 0.00868306166022789, "virus,9": 0.00847148617782793, "american,133": 0.007931835090086945, "president,74": 0.006907970048129448, "election,3642": 0.005315491665691668, "vote,2002": 0.004638416417291487, "donald,3026": 0.004400028843097943}
{"trump,75": 0.021532240612835558, "people,146": 0.0126936768679678, "who,19": 0.011404296989211056, "pandemic,1174": 0.008749055443715839, "virus,9": 0.008559349505492359, "american,133": 0.0073260278359111985, "election,3642": 0.004334827255273398, "would,203": 0.004326123326373143, "china,129": 0.00424650161814878, "life,53": 0.004010646946664341}
{"trump,75": 0.014679480381799285, "people,146": 0.013726992498623634, "who,19": 0.01241098841197812, "pandemic,1174": 0.008852904743855233, "virus,9": 0.00855775472573475, "american,133": 0.006475715539903627, "would,203": 0.004629818741101293, "medium,259": 0.004408165606863922, "china,129": 0.0042470601077733245, "life,53": 0.0041848089481132875}
{"people,146": 0.014187250408805962, "who,19": 0.01268327956581653, "trump,75": 0.010976641221844712, "pandemic,1174": 0.008967205633229332, "virus,9": 0.00844954297810907, "american,133": 0.005775902928070894, "would,203": 0.004853834240027372, "medium,259": 0.004783163482051582, "stop,1856": 0.00452908923226342, "china,129": 0.0041980498452439926}
{"people,146": 0.014404211135615482, "who,19": 0.012582005933601025, "trump,75": 0.009434857209782519, "pandemic,1174": 0.00905743581733445, "virus,9": 0.0083056084064034, "american,133": 0.005373748300454859, "medium,259": 0.0049566022724388805, "would,203": 0.00489005105504464, "stop,1856": 0.0048355031006017965, "china,129": 0.004125000023256866}
