{"china,129": 0.04341487098676056, "canada,510": 0.03150279973389815, "canadian,160": 0.0276152659367662, "government,152": 0.021716887161605417, "trudeau,734": 0.01582841482982978, "minister,2686": 0.011933737247175252, "say,195": 0.008388357738235113, "cdnpoli,1094": 0.008055091257368452, "health,48": 0.006152044083044891, "liberal,2458": 0.005747170986635686}
{"china,129": 0.033163668360332924, "canada,510": 0.030067598622431118, "canadian,160": 0.02605906073446952, "government,152": 0.022159120497908313, "trudeau,734": 0.016962923035355147, "minister,2686": 0.011957564925709676, "cdnpoli,1094": 0.008378420215834202, "say,195": 0.008093176989071445, "liberal,2458": 0.00619547558069232, "response,1527": 0.005871318990485964}
{"canada,510": 0.027634317969665256, "canadian,160": 0.02323190396145675, "government,152": 0.02252951764355472, "trudeau,734": 0.01866910835816878, "china,129": 0.018209911626362964, "minister,2686": 0.012093286148607768, "cdnpoli,1094": 0.008827223343174605, "say,195": 0.00757501795766676, "liberal,2458": 0.006654881345159301, "response,1527": 0.006212187433734159}
{"canada,510": 0.024841198556342866, "government,152": 0.02223114612676256, "canadian,160": 0.020397208291206555, "trudeau,734": 0.019726906759348215, "minister,2686": 0.011958018395806938, "cdnpoli,1094": 0.009159029561433916, "china,129": 0.008813473360399183, "pandemic,1174": 0.007358260101080301, "liberal,2458": 0.006923281526771906, "say,195": 0.006835587170034457}
{"canada,510": 0.022674250113930764, "government,152": 0.021464654403709125, "trudeau,734": 0.019262684290061567, "canadian,160": 0.01811005242316513, "minister,2686": 0.011510999339920185, "pandemic,1174": 0.010380704764960202, "cdnpoli,1094": 0.009224027856243204, "liberal,2458": 0.007136344478607646, "federal,89": 0.006314025589377793, "say,195": 0.006063980553411767}
{"canada,510": 0.021342542365691924, "government,152": 0.020579648726591175, "trudeau,734": 0.01770100335040586, "canadian,160": 0.01642581413272281, "pandemic,1174": 0.013458328130710592, "minister,2686": 0.010830356527568108, "cdnpoli,1094": 0.009059550890542339, "liberal,2458": 0.007449406608126144, "ford,42": 0.006900260935056738, "federal,89": 0.006439191577158944}
{"canada,510": 0.020373134492808535, "government,152": 0.01994749970187657, "trudeau,734": 0.015621152487374305, "pandemic,1174": 0.015486042453082044, "canadian,160": 0.015287493576255598, "minister,2686": 0.009913986867621448, "cdnpoli,1094": 0.008815190725147633, "liberal,2458": 0.007893825306974822, "ford,42": 0.007433298459691902, "federal,89": 0.006251759049232168}
{"government,152": 0.019544003717510274, "canada,510": 0.018149841514316083, "pandemic,1174": 0.015249163274176155, "trudeau,734": 0.014432090673209157, "canadian,160": 0.014161477590964904, "minister,2686": 0.009190670440036509, "cdnpoli,1094": 0.008679181990289693, "liberal,2458": 0.008544197923337639, "ford,42": 0.008036697216137959, "response,1527": 0.006206220857137547}
{"government,152": 0.019200378607133497, "canada,510": 0.015250005306654714, "trudeau,734": 0.013597524319177505, "pandemic,1174": 0.01359309289241176, "canadian,160": 0.012528473827455722, "ford,42": 0.009349615523619076, "liberal,2458": 0.008689711119033985, "cdnpoli,1094": 0.008680299881212203, "minister,2686": 0.008666650317683681, "wave,8277": 0.007015675137106118}
{"government,152": 0.019154921783907014, "trudeau,734": 0.01333487843166462, "canada,510": 0.012964943733421143, "pandemic,1174": 0.012391173767542752, "canadian,160": 0.011071638682747322, "ford,42": 0.010749979703965936, "premier,5361": 0.008973048641990418, "cdnpoli,1094": 0.008948585511167373, "alberta,3674": 0.008541850365844946, "minister,2686": 0.00839712505279713}
{"government,152": 0.019353940139563337, "trudeau,734": 0.01308881397694272, "ford,42": 0.012592829355190294, "canada,510": 0.011972680716761462, "alberta,3674": 0.01181890385958737, "premier,5361": 0.011579808664061343, "pandemic,1174": 0.01137009063172906, "canadian,160": 0.010022506490382522, "cdnpoli,1094": 0.009613236875010605, "minister,2686": 0.008490727417513359}
{"government,152": 0.01996560374741301, "ford,42": 0.014274046224774479, "trudeau,734": 0.013114251806062766, "premier,5361": 0.012260796896885893, "canada,510": 0.011885727359223913, "alberta,3674": 0.011570798230127306, "pandemic,1174": 0.011280377361166513, "cdnpoli,1094": 0.010616019873057452, "canadian,160": 0.009803514681845845, "minister,2686": 0.009124164493334223}
{"government,152": 0.02077416843080734, "ford,42": 0.014747143024159233, "trudeau,734": 0.013610081367976338, "canada,510": 0.012655010647463005, "pandemic,1174": 0.012021544328155033, "cdnpoli,1094": 0.01158716916413375, "premier,5361": 0.011063753474403285, "canadian,160": 0.010154441220439962, "minister,2686": 0.009498397677209575, "doug,2843": 0.008540575855543473}
{"government,152": 0.021947935178458246, "trudeau,734": 0.014376712840441192, "canada,510": 0.014259126817450033, "ford,42": 0.013807481420130104, "pandemic,1174": 0.013674752823827392, "cdnpoli,1094": 0.012487248622822814, "canadian,160": 0.010787882432092572, "premier,5361": 0.009433554688350696, "ontario,1002": 0.009239444109876245, "minister,2686": 0.009141291784859543}
{"government,152": 0.022651479650156948, "pandemic,1174": 0.015403920510678716, "canada,510": 0.015151065572030643, "trudeau,734": 0.014253521726054213, "ford,42": 0.013593552592593202, "cdnpoli,1094": 0.01285213136217444, "canadian,160": 0.0109209305544651, "ontario,1002": 0.010044866791337355, "minister,2686": 0.00874781664462341, "premier,5361": 0.008582291771696685}
