{"de,3429": 0.06077675011069999, "un,120": 0.02317660217048027, "le,94": 0.019544386398230112, "et,2145": 0.012166898566083795, "du,6564": 0.00932713008442485, "pour,24184": 0.0077351546165256345, "los,3810": 0.006370244027184392, "au,3660": 0.006215697269898973, "plus,2643": 0.005389995070275433, "est,3994": 0.005335599113972006}
{"de,3429": 0.06234284877586755, "un,120": 0.020963352661761393, "le,94": 0.019999075840140913, "et,2145": 0.012314111246584622, "du,6564": 0.009400515027235523, "pour,24184": 0.007963638847729819, "au,3660": 0.006384701909201852, "los,3810": 0.006193958371322959, "plus,2643": 0.005423310040169619, "est,3994": 0.005293912963007351}
{"de,3429": 0.06460575629825978, "le,94": 0.02063728774381693, "un,120": 0.017756474668309347, "et,2145": 0.012495639939006037, "du,6564": 0.00940106908299737, "pour,24184": 0.008293522189139734, "au,3660": 0.006649163973318112, "los,3810": 0.00601247599496241, "plus,2643": 0.005471011148453242, "est,3994": 0.005175866991218242}
{"de,3429": 0.06687322873187966, "le,94": 0.02120380178595316, "un,120": 0.014929621422239279, "et,2145": 0.012570188889478865, "du,6564": 0.009282112546104346, "pour,24184": 0.008552581878122538, "au,3660": 0.006962923495962916, "plus,2643": 0.005541244944292637, "los,3810": 0.0053813694820867616, "sur,23716": 0.005034942145209363}
{"de,3429": 0.06861547866487223, "le,94": 0.021681583720697836, "un,120": 0.012796566499680554, "et,2145": 0.012556246170648206, "du,6564": 0.009096976085816095, "pour,24184": 0.008596403846465562, "au,3660": 0.007301019010238251, "plus,2643": 0.005680859481208413, "sur,23716": 0.0052508007649227926, "une,24223": 0.005139478806973554}
{"de,3429": 0.06952416926092359, "le,94": 0.02226777636082078, "et,2145": 0.012572764074915742, "un,120": 0.011664710038923212, "du,6564": 0.008937576756621643, "pour,24184": 0.00851056998754124, "au,3660": 0.007652305678023549, "plus,2643": 0.005935046914759325, "sur,23716": 0.005402085754871905, "une,24223": 0.005274490920000278}
{"de,3429": 0.06931141891566107, "le,94": 0.02306913000429135, "et,2145": 0.012824110796414384, "un,120": 0.01181604433835641, "du,6564": 0.008878348800994477, "pour,24184": 0.008513576921046111, "au,3660": 0.008000405638123964, "plus,2643": 0.0063796386706194445, "pa,24232": 0.005519671551265099, "sur,23716": 0.005481546496221876}
{"de,3429": 0.06830145943967492, "le,94": 0.023840648985965066, "et,2145": 0.013371514402370414, "un,120": 0.012917693992581388, "du,6564": 0.008847696809625605, "pour,24184": 0.008764079749983117, "au,3660": 0.00826223547337543, "plus,2643": 0.006848472185218774, "pa,24232": 0.0059316112468158, "ca,14584": 0.005746295245876558}
{"de,3429": 0.06702152938312358, "le,94": 0.024342552110776065, "un,120": 0.014342691178685515, "et,2145": 0.013945319003543323, "pour,24184": 0.009114701956865173, "du,6564": 0.00880914544782206, "au,3660": 0.008372806976570914, "plus,2643": 0.0073134687496756905, "ca,14584": 0.0067887258136685455, "pa,24232": 0.006254555664661252}
{"de,3429": 0.06650761087296266, "le,94": 0.024891712241028485, "et,2145": 0.014375890058347085, "un,120": 0.01424363072599276, "pour,24184": 0.009459213597528056, "du,6564": 0.008795445851423746, "au,3660": 0.008391536748728218, "plus,2643": 0.0077663767459696465, "ca,14584": 0.006668928759626753, "pa,24232": 0.0063674543857818585}
{"de,3429": 0.06658411179089639, "le,94": 0.025273100421705823, "et,2145": 0.014369035112322183, "un,120": 0.013542136445013876, "pour,24184": 0.009574142284148516, "du,6564": 0.008880634503149071, "au,3660": 0.008407383396867961, "plus,2643": 0.007869114789396208, "pa,24232": 0.006253483282375762, "ca,14584": 0.006136546949472438}
{"de,3429": 0.06693472590597178, "le,94": 0.024987220513539556, "et,2145": 0.013933504409646623, "un,120": 0.01221744237474979, "pour,24184": 0.009372317527395828, "du,6564": 0.009021315078982477, "au,3660": 0.008376293354723712, "plus,2643": 0.007562479491505181, "pa,24232": 0.006024487678080861, "une,24223": 0.005763893979344116}
{"de,3429": 0.0678922028345827, "le,94": 0.024473628950169416, "et,2145": 0.01359254399519235, "un,120": 0.01087130974499867, "pour,24184": 0.009129003032619681, "du,6564": 0.00910309822100693, "au,3660": 0.0083600873057072, "plus,2643": 0.007237988690363243, "une,24223": 0.0058109122582678426, "pa,24232": 0.005700094246005374}
{"de,3429": 0.06892677474496059, "le,94": 0.02410621233348371, "et,2145": 0.013642195087378566, "un,120": 0.010095453700698776, "du,6564": 0.009146471234220237, "pour,24184": 0.008968399789669162, "au,3660": 0.00841353538760742, "plus,2643": 0.007122023655753175, "une,24223": 0.005889755360175165, "sur,23716": 0.0055853330847761215}
{"de,3429": 0.06930676357334116, "le,94": 0.023763776135834247, "et,2145": 0.013767476257346109, "un,120": 0.009763070714380115, "du,6564": 0.009150859760026428, "pour,24184": 0.008891973103706742, "au,3660": 0.008420016682801824, "plus,2643": 0.007162542405672808, "une,24223": 0.0059450827524602096, "sur,23716": 0.0056058603768806515}
