{"china,129": 0.06431178808666684, "wuhan,61": 0.03312050094832711, "virus,9": 0.012894138515304701, "outbreak,149": 0.011655499795633162, "people,146": 0.010636709778778711, "iran,8142": 0.007699859815285098, "flight,330": 0.006742054857537154, "infected,266": 0.00637964534998508, "hospital,754": 0.006226089668012694, "who,19": 0.005913924068730285}
{"china,129": 0.050705757283958985, "wuhan,61": 0.02454932444736437, "virus,9": 0.012352142610640932, "people,146": 0.010778834302745531, "outbreak,149": 0.01005343763392956, "iran,8142": 0.008562759208078172, "week,95": 0.006127848112897888, "day,910": 0.00607379300852428, "flight,330": 0.006071567454787681, "who,19": 0.006028987656719255}
{"china,129": 0.03053521537363642, "wuhan,61": 0.014947827490347274, "virus,9": 0.0111245666053945, "people,146": 0.010990799955812692, "iran,8142": 0.008308444098233572, "outbreak,149": 0.0076039295437065205, "week,95": 0.007494596951955806, "year,228": 0.006991505221686678, "US,59": 0.006685743997394313, "died,2060": 0.00636709454211627}
{"china,129": 0.016929068552719837, "people,146": 0.010935998389738202, "virus,9": 0.009360342413386874, "week,95": 0.00840750393876126, "wuhan,61": 0.008358263799836093, "year,228": 0.008340364890846831, "died,2060": 0.008253953747814737, "US,59": 0.0076274672633959845, "month,183": 0.007485794240049738, "million,941": 0.007425203454209747}
{"people,146": 0.010750425611936159, "died,2060": 0.010029430155044575, "month,183": 0.009959475728328162, "year,228": 0.009534571639075054, "death,187": 0.009440858101913824, "china,129": 0.009233136992117193, "million,941": 0.008640342235986934, "week,95": 0.008477596218018408, "US,59": 0.008432001102040853, "virus,9": 0.007696551941595988}
{"death,187": 0.012966151579170962, "month,183": 0.012286480035148357, "died,2060": 0.011457240321894643, "people,146": 0.010598282392401837, "year,228": 0.010506087879202123, "million,941": 0.00949616986420124, "US,59": 0.009118027965692816, "week,95": 0.008083372684749571, "virus,9": 0.00640684221540939, "last,182": 0.006350167364144702}
{"death,187": 0.01689517220167089, "month,183": 0.01366919921698469, "died,2060": 0.012551056046629726, "year,228": 0.011383539076891472, "people,146": 0.010516587464069568, "million,941": 0.009833542796519011, "US,59": 0.009656164078967484, "week,95": 0.007712203069306242, "last,182": 0.006732976319889946, "american,133": 0.006248995499486486}
{"death,187": 0.020122702763005512, "month,183": 0.013874316093193766, "died,2060": 0.013076881140829022, "year,228": 0.012160561314119354, "people,146": 0.010461326642003343, "million,941": 0.00999215143148251, "US,59": 0.009694161233190049, "week,95": 0.0078405370714778, "last,182": 0.007311416301184933, "american,133": 0.006624757403793134}
{"death,187": 0.01984787782875035, "month,183": 0.013804582981186175, "died,2060": 0.012957811130110403, "year,228": 0.0128032202012703, "people,146": 0.010430417106572054, "million,941": 0.009884900404105895, "US,59": 0.009287599078926992, "week,95": 0.008514027904076597, "last,182": 0.007911494826512482, "day,910": 0.006884459713971155}
{"death,187": 0.01633797756973657, "month,183": 0.013449160564358426, "year,228": 0.013295522257792153, "died,2060": 0.012838157689248841, "people,146": 0.010469219194170837, "million,941": 0.009449001700120134, "week,95": 0.00930326087621186, "last,182": 0.008475407829608128, "US,59": 0.008438271615636211, "day,910": 0.008267768575594097}
{"year,228": 0.013839690912317513, "death,187": 0.013462618928155458, "died,2060": 0.013365399837686179, "month,183": 0.012771184463098542, "people,146": 0.01047365784237432, "day,910": 0.009417984373696826, "week,95": 0.009228309631885707, "last,182": 0.008628092988581451, "million,941": 0.008617115189201932, "US,59": 0.007698353792860849}
{"year,228": 0.015088562910653438, "died,2060": 0.01350872935707983, "month,183": 0.011765075468529606, "death,187": 0.011627193799179423, "people,146": 0.01012635623026073, "day,910": 0.009607411878258717, "last,182": 0.008647186987393526, "week,95": 0.008374465704185515, "1,1503": 0.007356663544878951, "million,941": 0.007017293954151092}
{"year,228": 0.01714771955829285, "died,2060": 0.011696452850103357, "month,183": 0.010539859312761985, "death,187": 0.010236653419251802, "variant,15666": 0.010208289264977941, "people,146": 0.009531563614145698, "day,910": 0.008981708474800553, "last,182": 0.008892785825000428, "uk,2022": 0.007852651643134626, "one,38": 0.007684853754946884}
{"year,228": 0.020341236992505018, "variant,15666": 0.013197938081709467, "month,183": 0.009503536431178308, "one,38": 0.009207102666174112, "died,2060": 0.009184470983323732, "last,182": 0.009142912320864765, "death,187": 0.009129740082596961, "people,146": 0.009029941216995945, "day,910": 0.008242281303280852, "pandemic,1174": 0.007031203677050155}
{"year,228": 0.02377032060030712, "one,38": 0.010337362793130252, "variant,15666": 0.009939700082399226, "last,182": 0.00921731070348973, "month,183": 0.008900407070134968, "people,146": 0.008729261965235878, "death,187": 0.008495165889015437, "day,910": 0.007889669410228194, "pandemic,1174": 0.007855075079317972, "died,2060": 0.00757172106683323}
