{
    "1": {
        "features": {
            "pandemic": 1.890511288727059,
            "good": 1.621666430909688,
            "time": 1.1818270323435016,
            "going": 1.1085448364483792,
            "better": 0.9996399153113794,
            "canadian": 0.9513457794254364,
            "know": 0.9440120069798004,
            "thing": 0.9362015030381632,
            "work": 0.8843588489487644,
            "look": 0.821900621710767,
            "right": 0.8063101454205647,
            "make": 0.8061327791737928,
            "really": 0.7800685805717041,
            "great": 0.7722505871901075,
            "want": 0.7657585342038365
        },
        "words": [
            "pandemic",
            "good",
            "time",
            "going",
            "better",
            "canadian",
            "know",
            "thing",
            "work",
            "look",
            "right",
            "make",
            "really",
            "great",
            "want"
        ],
        "coherence": 0.5663691500822703
    },
    "2": {
        "features": {
            "case": 6.279518571575771,
            "new": 4.2833602189049405,
            "death": 3.220024940997394,
            "number": 1.9666149016536851,
            "report": 1.7401234468394968,
            "ontario": 1.7356693917347132,
            "jan": 1.5515684405531525,
            "rate": 1.3420581928328332,
            "bc": 1.3284582346359788,
            "total": 1.27867866468386,
            "reported": 1.2529337523514734,
            "record": 1.2180885152089405,
            "today": 1.1991165378043442,
            "day": 1.1685748160134248,
            "january": 1.1565026295549439
        },
        "words": [
            "case",
            "new",
            "death",
            "number",
            "report",
            "ontario",
            "jan",
            "rate",
            "bc",
            "total",
            "reported",
            "record",
            "today",
            "day",
            "january"
        ],
        "coherence": 0.5199261761846996
    },
    "3": {
        "features": {
            "vaccine": 7.371890294191039,
            "canada": 3.3544604650242382,
            "cdnpoli": 2.775589660572742,
            "vaccination": 2.018239914527241,
            "dos": 1.9488969865638228,
            "trudeau": 1.7339438583122928,
            "canadian": 1.4357435492706712,
            "pfizer": 1.2062033678237827,
            "vaccinated": 1.2037993172295427,
            "federal": 1.1602724516651999,
            "justintrudeau": 1.1137986486454585,
            "country": 0.9780054733186385,
            "dose": 0.9765226250848152,
            "million": 0.9525074071899068,
            "rollout": 0.8870013443957331
        },
        "words": [
            "vaccine",
            "canada",
            "cdnpoli",
            "vaccination",
            "dos",
            "trudeau",
            "canadian",
            "pfizer",
            "vaccinated",
            "federal",
            "justintrudeau",
            "country",
            "dose",
            "million",
            "rollout"
        ],
        "coherence": 0.45792025852771034
    },
    "4": {
        "features": {
            "pandemic": 2.408360963707764,
            "trump": 1.8348887623769756,
            "biden": 0.9398939717972385,
            "capitol": 0.8781887979633347,
            "woman": 0.7763633855769135,
            "president": 0.7464585793454969,
            "election": 0.7101342904907001,
            "america": 0.6717079165666905,
            "party": 0.6393614378000914,
            "politician": 0.6232568362067902,
            "country": 0.6037127446265442,
            "political": 0.592434220218637,
            "white": 0.5877404517731503,
            "tax": 0.5408893805176982,
            "vote": 0.5356939967291566
        },
        "words": [
            "pandemic",
            "trump",
            "biden",
            "capitol",
            "woman",
            "president",
            "election",
            "america",
            "party",
            "politician",
            "country",
            "political",
            "white",
            "tax",
            "vote"
        ],
        "coherence": 0.44879312600408283
    },
    "5": {
        "features": {
            "home": 6.788521637064616,
            "stay": 4.698037890910068,
            "mask": 4.54410761069337,
            "wear": 2.8754163952479046,
            "test": 2.540555514764715,
            "positive": 2.302886485084199,
            "safe": 1.8516528674888368,
            "member": 1.620645331698935,
            "tested": 1.542908090601263,
            "result": 1.2487711754128865,
            "capitol": 1.1870147483556346,
            "refused": 1.1791744977644845,
            "republican": 1.1260136087816381,
            "hand": 1.113562245315462,
            "social": 1.044251332113817
        },
        "words": [
            "home",
            "stay",
            "mask",
            "wear",
            "test",
            "positive",
            "safe",
            "member",
            "tested",
            "result",
            "capitol",
            "refused",
            "republican",
            "hand",
            "social"
        ],
        "coherence": 0.45656771943682717
    },
    "6": {
        "features": {
            "lockdown": 8.491101633655482,
            "police": 2.163081037007822,
            "curfew": 2.035079881818268,
            "toronto": 1.9291585134187572,
            "quebec": 1.2594921332686737,
            "open": 1.1093132344824839,
            "rule": 0.9578212203481199,
            "fordnation": 0.8402775808905957,
            "measure": 0.8271812023888487,
            "protest": 0.824272279956168,
            "letter": 0.7969469176913666,
            "fine": 0.728832064077662,
            "arrest": 0.7141293837562981,
            "harm": 0.7115503937498415,
            "antilockdown": 0.6490786500024258
        },
        "words": [
            "lockdown",
            "police",
            "curfew",
            "toronto",
            "quebec",
            "open",
            "rule",
            "fordnation",
            "measure",
            "protest",
            "letter",
            "fine",
            "arrest",
            "harm",
            "antilockdown"
        ],
        "coherence": 0.46456575563975744
    },
    "7": {
        "features": {
            "ontario": 3.8259356461183898,
            "ford": 3.050096672976553,
            "order": 2.9744878626339046,
            "onpoli": 2.448025277522445,
            "premier": 2.0801131841492775,
            "stayathome": 1.951457650399482,
            "doug": 1.908453849087089,
            "pandemic": 1.6124375532050281,
            "emergency": 1.5951697724427267,
            "health": 1.3747792881895702,
            "new": 1.2545306694877048,
            "say": 1.155703917820913,
            "medical": 1.1468675280038527,
            "province": 1.1239030635466871,
            "government": 1.106204073538371
        },
        "words": [
            "ontario",
            "ford",
            "order",
            "onpoli",
            "premier",
            "stayathome",
            "doug",
            "pandemic",
            "emergency",
            "health",
            "new",
            "say",
            "medical",
            "province",
            "government"
        ],
        "coherence": 0.4947703855378287
    },
    "8": {
        "features": {
            "day": 3.888844877965144,
            "fordnation": 2.8035870878924563,
            "died": 2.7123626646275083,
            "death": 2.141212995434117,
            "people": 2.0476088196914777,
            "american": 1.622441251492597,
            "lost": 1.3564222668471633,
            "year": 1.2895450109242785,
            "die": 1.2784629460096837,
            "dead": 1.1483016792380067,